,test_id,wasa95
0,1066528,0.5579710144927537
1,1360686,0.5698924731182796
